"year","month","day","dep_time","sched_dep_time","dep_delay","arr_time","sched_arr_time","arr_delay","carrier","flight","tailnum","origin","dest","air_time","distance","hour","minute","time_hour","UA","DL","AA","US"
2013,6,10,1201,1155,6,1326,1310,16,"MQ",4425,"N844MQ","JFK","DCA",55,213,11,55,1686481200,0,0,0,0
2013,1,31,1344,1259,45,1514,1436,38,"UA",1249,"N14115","EWR","ORD",114,719,12,59,1675252800,1,0,0,0
2013,12,29,1629,1530,59,1849,1758,51,"DL",1942,"N3757D","EWR","ATL",120,746,15,30,1703948400,0,1,0,0
2013,10,25,1339,1345,-6,1701,1657,4,"DL",2449,"N368NB","LGA","MIA",157,1096,13,45,1698325200,0,1,0,0
2013,2,1,827,830,-3,1315,1335,-20,"DL",301,"N633DL","JFK","SJU",197,1598,8,30,1675324800,0,1,0,0
2013,11,18,1627,1630,-3,1954,1957,-3,"US",516,"N604AW","EWR","PHX",306,2133,16,30,1700409600,0,0,0,1
2013,5,8,610,615,-5,809,810,-1,"US",1288,"N127UW","JFK","CLT",81,541,6,15,1683612000,0,0,0,1
2013,8,6,837,842,-5,1136,1152,-16,"UA",1581,"N39423","EWR","SEA",325,2402,8,42,1691395200,1,0,0,0
2013,12,24,1520,1459,21,1821,1816,5,"UA",1483,"N16217","EWR","AUS",216,1504,14,59,1703512800,1,0,0,0
2013,7,20,1147,1139,8,1311,1254,17,"B6",1307,"N298JB","JFK","IAD",44,228,11,39,1689937200,0,0,0,0
2013,5,28,1930,1931,-1,2251,2305,-14,"B6",171,"N652JB","JFK","SMF",343,2521,19,31,1685386800,0,0,0,0
2013,5,29,655,700,-5,931,950,-19,"DL",2285,"N354NW","LGA","MCO",126,950,7,0,1685430000,0,1,0,0
2013,7,16,2216,2220,-4,2326,2335,-9,"EV",5169,"N751EV","LGA","BTV",43,258,22,20,1689631200,0,0,0,0
2013,2,4,2214,1930,164,2346,2115,151,"EV",3274,"N16546","LGA","CLE",70,419,19,30,1675623600,0,0,0,0
2013,3,21,1808,1805,3,2017,1942,35,"UA",1177,"N36247","LGA","ORD",107,733,18,5,1679508000,1,0,0,0
2013,12,19,1258,1259,-1,1619,1614,5,"AA",1256,"N3EMAA","LGA","MIA",148,1096,12,59,1703073600,0,0,1,0
2013,10,2,1629,1619,10,1908,1919,-11,"B6",283,"N527JB","JFK","MCO",129,944,16,19,1696348800,0,0,0,0
2013,4,14,1007,1015,-8,1220,1212,8,"US",1427,"N722US","JFK","CLT",86,541,10,15,1681552800,0,0,0,1
2013,10,13,1935,1935,0,2239,2229,10,"B6",225,"N554JB","JFK","TPA",133,1005,19,35,1697310000,0,0,0,0
2013,3,13,741,736,5,1057,1115,-18,"B6",643,"N821JB","JFK","SFO",341,2586,7,36,1678777200,0,0,0,0
2013,9,27,825,825,0,1056,1120,-24,"UA",478,"N465UA","EWR","MCO",123,937,8,25,1695888000,1,0,0,0
2013,12,18,1142,1129,13,1456,1442,14,"UA",703,"N590UA","JFK","LAX",345,2475,11,29,1702983600,1,0,0,0
2013,12,4,1348,1329,19,1512,1440,32,"B6",308,"N316JB","JFK","PWM",54,273,13,29,1701781200,0,0,0,0
2013,3,4,1602,1605,-3,1907,1939,-32,"DL",1508,"N914DE","JFK","RSW",151,1074,16,5,1678032000,0,1,0,0
2013,2,6,849,850,-1,1023,1035,-12,"MQ",4558,"N723MQ","LGA","CLE",75,419,8,50,1675756800,0,0,0,0
2013,12,9,2130,2106,24,2226,2213,13,"B6",2680,"N273JB","EWR","BOS",34,200,21,6,1702242000,0,0,0,0
2013,4,25,1836,1840,-4,2145,2138,7,"DL",1629,"N398DA","JFK","LAS",313,2248,18,40,1682532000,0,1,0,0
2013,5,25,2000,1959,1,2311,2340,-29,"UA",1134,"N17730","EWR","SFO",352,2565,19,59,1685127600,1,0,0,0
2013,11,24,952,959,-7,1111,1124,-13,"EV",4510,"N13908","EWR","MKE",117,725,9,59,1700902800,0,0,0,0
2013,10,2,2049,2100,-11,2227,2214,13,"US",2197,"N749US","LGA","DCA",37,214,21,0,1696366800,0,0,0,1
2013,11,7,2224,2145,39,2325,2253,32,"EV",4186,"N13550","EWR","DCA",41,199,21,45,1699477200,0,0,0,0
2013,2,16,1709,1715,-6,2030,2019,11,"DL",1585,"N923DL","LGA","MCO",166,950,17,15,1676653200,0,1,0,0
2013,11,14,2059,2106,-7,2311,2343,-32,"B6",1677,"N316JB","JFK","JAX",116,828,21,6,1700082000,0,0,0,0
2013,7,19,1915,1825,50,2120,2046,34,"9E",3807,"N819AY","EWR","CVG",83,569,18,25,1689876000,0,0,0,0
2013,10,1,835,800,35,1001,929,32,"UA",1492,"N75436","EWR","ORD",112,719,8,0,1696233600,1,0,0,0
2013,12,21,1821,1815,6,2124,2150,-26,"DL",426,"N197DN","JFK","LAX",337,2475,18,15,1703268000,0,1,0,0
2013,8,12,731,730,1,1134,1129,5,"B6",1289,"N809JB","EWR","SJU",198,1608,7,30,1691910000,0,0,0,0
2013,7,17,1913,1905,8,2020,2045,-25,"WN",542,"N742SW","LGA","MKE",104,738,19,5,1689706800,0,0,0,0
2013,7,1,2238,2029,129,2353,2210,103,"9E",4127,"N8938A","JFK","IAD",45,228,20,29,1688328000,0,0,0,0
2013,9,7,550,601,-11,723,739,-16,"EV",4277,"N17138","EWR","RDU",68,416,6,1,1694152800,0,0,0,0
2013,10,9,1152,1156,-4,1406,1438,-32,"UA",598,"N578UA","EWR","IAH",176,1400,11,56,1696935600,1,0,0,0
2013,8,20,1425,1420,5,1536,1553,-17,"FL",721,"N988AT","LGA","CAK",58,397,14,20,1692626400,0,0,0,0
2013,1,17,2244,2253,-9,27,15,12,"B6",112,"N605JB","JFK","BUF",71,301,22,53,1674079200,0,0,0,0
2013,6,18,649,700,-11,748,806,-18,"US",2116,"N945UW","LGA","BOS",37,184,7,0,1687158000,0,0,0,1
2013,3,2,1443,1445,-2,1744,1744,0,"B6",63,"N603JB","JFK","TPA",159,1005,14,45,1677852000,0,0,0,0
2013,9,5,1532,1535,-3,1751,1750,1,"WN",1873,"N7741C","EWR","DEN",217,1605,15,35,1694012400,0,0,0,0
2013,5,7,1536,1529,7,1826,1820,6,"B6",537,"N606JB","EWR","TPA",135,997,15,29,1683558000,0,0,0,0
2013,12,30,1107,1115,-8,1438,1432,6,"DL",2098,"N373NW","LGA","MIA",171,1096,11,15,1704020400,0,1,0,0
2013,7,1,1803,1629,94,2031,1922,69,"UA",392,"N572UA","EWR","LAX",299,2454,16,29,1688313600,1,0,0,0
2013,6,15,1127,1135,-8,1221,1242,-21,"B6",1191,"N324JB","JFK","ACK",36,199,11,35,1686913200,0,0,0,0
2013,7,18,601,609,-8,758,810,-12,"EV",3833,"N26549","EWR","CVG",88,569,6,9,1689746400,0,0,0,0
2013,12,16,834,838,-4,932,951,-19,"UA",594,"N538UA","EWR","BOS",38,200,8,38,1702800000,1,0,0,0
2013,10,15,1507,1450,17,1749,1755,-6,"UA",395,"N412UA","EWR","FLL",142,1065,14,50,1697464800,1,0,0,0
2013,11,27,1529,1530,-1,1903,1915,-12,"AA",85,"N397AA","JFK","SFO",359,2586,15,30,1701183600,0,0,1,0
2013,3,7,1834,1725,69,2125,2036,49,"DL",1185,"N359NW","EWR","SLC",266,1969,17,25,1678294800,0,1,0,0
2013,2,19,1355,1356,-1,1452,1506,-14,"EV",4434,"N48901","EWR","MHT",35,209,13,56,1676898000,0,0,0,0
2013,8,30,2125,2036,49,2245,2205,40,"B6",686,"N265JB","JFK","ROC",48,264,20,36,1693512000,0,0,0,0
2013,3,16,1447,1450,-3,1750,1755,-5,"AA",1813,"N5EUAA","JFK","MCO",140,944,14,50,1679061600,0,0,1,0
2013,6,28,1202,1110,52,1308,1245,23,"WN",114,"N261WN","LGA","MDW",103,725,11,10,1688036400,0,0,0,0
2013,5,8,744,745,-1,1012,1045,-33,"DL",183,"N703TW","JFK","SEA",300,2422,7,45,1683615600,0,1,0,0
2013,6,9,648,630,18,859,903,-4,"UA",1506,"N37470","EWR","LAS",284,2227,6,30,1686376800,1,0,0,0
2013,7,26,1344,1305,39,1456,1425,31,"WN",165,"N269WN","EWR","BNA",106,748,13,5,1690462800,0,0,0,0
2013,5,24,822,730,52,1131,1105,26,"VX",183,"N854VA","EWR","SFO",342,2565,7,30,1684998000,0,0,0,0
2013,7,2,1135,1136,-1,1323,1338,-15,"YV",2807,"N927LR","LGA","CLT",82,544,11,36,1688382000,0,0,0,0
2013,10,9,1314,1315,-1,1457,1505,-8,"US",2095,"N125UW","EWR","CLT",78,529,13,15,1696942800,0,0,0,1
2013,5,28,1122,1130,-8,1416,1431,-15,"DL",1875,"N999DN","LGA","TPA",140,1010,11,30,1685358000,0,1,0,0
2013,4,10,955,1000,-5,1231,1254,-23,"UA",1618,"N14231","EWR","TPA",136,997,10,0,1681207200,1,0,0,0
2013,2,26,844,845,-1,1334,1350,-16,"AA",1357,"N5FAAA","JFK","SJU",201,1598,8,45,1677484800,0,0,1,0
2013,9,14,1626,1635,-9,1746,1815,-29,"MQ",2949,"N680MQ","JFK","BNA",113,765,16,35,1694793600,0,0,0,0
2013,7,24,1553,1600,-7,1704,1718,-14,"US",2134,"N954UW","LGA","BOS",38,184,16,0,1690300800,0,0,0,1
2013,11,1,1813,1805,8,2014,2028,-14,"UA",1139,"N37474","EWR","DEN",221,1605,18,5,1698948000,1,0,0,0
2013,2,20,2049,2048,1,2210,2213,-3,"EV",4216,"N16149","EWR","BUF",55,282,20,48,1677009600,0,0,0,0
2013,4,9,1730,1731,-1,1942,2012,-30,"B6",179,"N662JB","JFK","PHX",293,2153,17,31,1681146000,0,0,0,0
2013,9,18,1346,1347,-1,1614,1631,-17,"UA",431,"N825UA","EWR","DFW",177,1372,13,47,1695128400,1,0,0,0
2013,7,13,1523,1530,-7,1811,1838,-27,"DL",1935,"N328NW","LGA","TPA",145,1010,15,30,1689346800,0,1,0,0
2013,4,13,1457,1410,47,1603,1522,41,"B6",1010,"N284JB","JFK","BOS",32,187,14,10,1681480800,0,0,0,0
2013,7,18,914,915,-1,1052,1115,-23,"MQ",3565,"N1EAMQ","LGA","CLT",71,544,9,15,1689757200,0,0,0,0
2013,3,21,1454,1459,-5,1714,1737,-23,"DL",2347,"N612DL","LGA","ATL",107,762,14,59,1679493600,0,1,0,0
2013,3,17,1903,1905,-2,2007,2023,-16,"EV",5714,"N836AS","JFK","IAD",47,228,19,5,1679166000,0,0,0,0
2013,3,17,1527,1535,-8,1825,1850,-25,"AA",763,"N3HKAA","LGA","DFW",214,1389,15,35,1679151600,0,0,1,0
2013,3,25,1113,1115,-2,1226,1255,-29,"WN",292,"N440LV","LGA","BNA",115,764,11,15,1679828400,0,0,0,0
2013,7,25,753,800,-7,917,940,-23,"EV",4099,"N14117","EWR","STL",119,872,8,0,1690358400,0,0,0,0
2013,9,9,627,630,-3,746,753,-7,"B6",905,"N715JB","JFK","ORD",111,740,6,30,1694325600,0,0,0,0
2013,9,9,2025,2040,-15,2210,2248,-38,"EV",4536,"N15574","EWR","CVG",84,569,20,40,1694376000,0,0,0,0
2013,6,12,1747,1730,17,2122,2115,7,"DL",841,"N703TW","JFK","SFO",341,2586,17,30,1686675600,0,1,0,0
2013,5,31,2135,2129,6,2330,2356,-26,"UA",588,"N850UA","EWR","MSY",153,1167,21,29,1685653200,1,0,0,0
2013,9,15,1546,1555,-9,1757,1755,2,"MQ",3199,"N503MQ","LGA","CLT",85,544,15,55,1694876400,0,0,0,0
2013,8,24,1057,1100,-3,1336,1402,-26,"UA",1258,"N81449","EWR","FLL",139,1065,11,0,1692961200,1,0,0,0
2013,7,31,1754,1800,-6,1859,1913,-14,"US",2138,"N947UW","LGA","BOS",35,184,18,0,1690912800,0,0,0,1
2013,1,5,1707,1705,2,1904,1902,2,"EV",4246,"N11137","EWR","DAY",99,533,17,5,1673024400,0,0,0,0
2013,8,23,1507,1455,12,1701,1701,0,"9E",4120,"N840AY","JFK","CLE",75,425,14,55,1692885600,0,0,0,0
2013,10,4,1452,1500,-8,1619,1611,8,"US",2152,"N959UW","LGA","BOS",41,184,15,0,1696518000,0,0,0,1
2013,2,15,1450,1455,-5,1608,1645,-37,"AA",337,"N539AA","LGA","ORD",119,733,14,55,1676556000,0,0,1,0
2013,7,14,1300,1300,0,1529,1555,-26,"VX",411,"N621VA","JFK","LAX",295,2475,13,0,1689426000,0,0,0,0
2013,4,19,801,800,1,1129,1118,11,"DL",269,"N953DL","JFK","MIA",143,1089,8,0,1681977600,0,1,0,0
2013,3,16,814,820,-6,915,942,-27,"9E",4051,"N8758D","JFK","BWI",39,184,8,20,1679040000,0,0,0,0
2013,9,25,720,725,-5,920,953,-33,"UA",1548,"N16713","EWR","MSY",162,1167,7,25,1695711600,1,0,0,0
2013,1,13,922,925,-3,1142,1150,-8,"WN",3494,"N441WN","EWR","DEN",230,1605,9,25,1673686800,0,0,0,0
2013,6,27,751,800,-9,1038,1104,-26,"B6",1511,"N629JB","EWR","RSW",148,1068,8,0,1687939200,0,0,0,0
2013,5,16,1428,1420,8,1710,1727,-17,"UA",1164,"N77520","EWR","FLL",146,1065,14,20,1684332000,1,0,0,0
2013,2,18,1056,1103,-7,1248,1305,-17,"DL",1031,"N334NB","LGA","DTW",84,502,11,3,1676804400,0,1,0,0
2013,3,27,655,659,-4,957,959,-2,"AA",1815,"N5FJAA","JFK","MCO",142,944,6,59,1679983200,0,0,1,0
2013,4,15,2146,2130,16,2305,2303,2,"B6",104,"N316JB","JFK","BUF",53,301,21,30,1681678800,0,0,0,0
2013,3,5,1700,1625,35,1932,1855,37,"MQ",4661,"N8EGMQ","LGA","ATL",115,762,16,25,1678118400,0,0,0,0
2013,7,2,1740,1729,11,2032,2045,-13,"UA",1100,"N36447","EWR","SEA",316,2402,17,29,1688403600,1,0,0,0
2013,7,18,1453,1500,-7,1730,1755,-25,"AA",1813,"N5FKAA","JFK","MCO",124,944,15,0,1689778800,0,0,1,0
2013,8,6,626,630,-4,730,753,-23,"EV",4422,"N13566","EWR","PIT",50,319,6,30,1691388000,0,0,0,0
2013,7,29,1349,1359,-10,1609,1603,6,"B6",1373,"N339JB","JFK","CHS",104,636,13,59,1690722000,0,0,0,0
2013,12,27,1358,1345,13,1655,1646,9,"UA",1695,"N76064","EWR","IAH",204,1400,13,45,1703768400,1,0,0,0
2013,3,29,1728,1730,-2,2014,2028,-14,"DL",1585,"N977DL","LGA","MCO",133,950,17,30,1680195600,0,1,0,0
2013,2,12,1030,1030,0,1317,1355,-38,"AA",179,"N361AA","JFK","SFO",329,2586,10,30,1676282400,0,0,1,0
2013,7,7,2043,1935,68,101,2302,119,"DL",87,"N609DL","JFK","SLC",261,1990,19,35,1688842800,0,1,0,0
2013,1,1,2128,2135,-7,26,50,-24,"AA",185,"N338AA","JFK","LAX",338,2475,21,35,1672693200,0,0,1,0
2013,10,14,839,843,-4,942,957,-15,"UA",994,"N837UA","EWR","BOS",37,200,8,43,1697356800,1,0,0,0
2013,8,16,628,630,-2,917,845,32,"DL",575,"N302DQ","EWR","ATL",118,746,6,30,1692252000,0,1,0,0
2013,12,19,1417,1355,22,1538,1525,13,"WN",3,"N226WN","LGA","MDW",120,725,13,55,1703077200,0,0,0,0
2013,1,23,1702,1706,-4,1819,1834,-15,"B6",36,"N648JB","JFK","ROC",51,264,17,6,1674579600,0,0,0,0
2013,4,29,1640,1645,-5,1832,1902,-30,"9E",3383,"N926XJ","JFK","CVG",90,589,16,45,1682870400,0,0,0,0
2013,11,21,655,700,-5,756,809,-13,"US",2169,"N741UW","LGA","DCA",42,214,7,0,1700636400,0,0,0,1
2013,11,17,1517,1515,2,1750,1805,-15,"UA",1744,"N36247","EWR","TPA",140,997,15,15,1700319600,1,0,0,0
2013,4,11,2019,2019,0,2140,2157,-17,"UA",1464,"N37252","EWR","CLE",66,404,20,19,1681329600,1,0,0,0
2013,3,27,805,816,-11,1002,1013,-11,"EV",4140,"N13566","EWR","MEM",149,946,8,16,1679990400,0,0,0,0
2013,6,22,1453,1455,-2,1742,1710,32,"DL",127,"N342NB","JFK","DTW",135,509,14,55,1687528800,0,1,0,0
2013,10,15,1900,1900,0,2218,2235,-17,"DL",435,"N705TW","JFK","SFO",336,2586,19,0,1697482800,0,1,0,0
2013,6,14,1612,1555,17,1745,1727,18,"B6",44,"N353JB","JFK","BTV",49,266,15,55,1686841200,0,0,0,0
2013,5,1,743,745,-2,1014,1004,10,"DL",807,"N999DN","EWR","ATL",107,746,7,45,1683010800,0,1,0,0
2013,5,9,717,717,0,916,912,4,"EV",4704,"N11176","EWR","GSP",90,594,7,17,1683702000,0,0,0,0
2013,10,24,721,725,-4,941,1000,-19,"UA",1289,"N78506","EWR","LAS",303,2227,7,25,1698217200,1,0,0,0
2013,11,19,1320,1325,-5,1524,1534,-10,"EV",4161,"N17115","EWR","MSP",164,1008,13,25,1700485200,0,0,0,0
2013,6,16,746,745,1,858,905,-7,"WN",3841,"N251WN","EWR","MDW",110,711,7,45,1686985200,0,0,0,0
2013,4,22,1529,1530,-1,1904,1905,-1,"AA",85,"N362AA","JFK","SFO",364,2586,15,30,1682262000,0,0,1,0
2013,5,3,1150,1145,5,1320,1322,-2,"EV",4376,"N12175","EWR","RDU",64,416,11,45,1683198000,0,0,0,0
2013,6,26,623,630,-7,804,825,-21,"MQ",3676,"N521MQ","LGA","CLT",80,544,6,30,1687845600,0,0,0,0
2013,6,21,2022,1935,47,2254,2223,31,"9E",3380,"N926XJ","JFK","JAX",116,828,19,35,1687460400,0,0,0,0
2013,3,22,1901,1910,-9,2036,2055,-19,"MQ",4569,"N735MQ","LGA","RDU",73,431,19,10,1679598000,0,0,0,0
2013,12,8,1348,1259,49,1546,1454,52,"MQ",3388,"N827MQ","LGA","CMH",99,479,12,59,1702123200,0,0,0,0
2013,5,28,2116,2110,6,2233,2245,-12,"B6",10,"N334JB","JFK","BUF",58,301,21,10,1685394000,0,0,0,0
2013,11,21,1955,1946,9,2114,2052,22,"EV",4312,"N14907","EWR","DCA",47,199,19,46,1700679600,0,0,0,0
2013,7,7,456,500,-4,630,640,-10,"US",1431,"N539UW","EWR","CLT",74,529,5,0,1688792400,0,0,0,1
2013,11,17,1148,1200,-12,1249,1308,-19,"B6",316,"N265JB","JFK","SYR",45,209,12,0,1700308800,0,0,0,0
2013,2,27,1628,1455,93,1936,1757,99,"B6",141,"N587JB","JFK","PBI",160,1028,14,55,1677592800,0,0,0,0
2013,6,30,2105,1827,158,2306,2032,154,"EV",4397,"N21130","EWR","MCI",154,1092,18,27,1688234400,0,0,0,0
2013,10,24,1906,1905,1,2123,2131,-8,"DL",2454,"N380DA","JFK","DEN",217,1626,19,5,1698260400,0,1,0,0
2013,11,5,1630,1629,1,1906,1932,-26,"B6",1161,"N656JB","LGA","PBI",136,1035,16,29,1699286400,0,0,0,0
2013,3,11,1336,1335,1,1831,1836,-5,"UA",15,"N69059","EWR","HNL",636,4963,13,35,1678626000,1,0,0,0
2013,8,18,1912,1916,-4,2126,2150,-24,"UA",1481,"N37420","EWR","LAS",277,2227,19,16,1692471600,1,0,0,0
2013,3,26,1800,1800,0,1907,1925,-18,"WN",3872,"N242WN","EWR","MDW",104,711,18,0,1679940000,0,0,0,0
2013,3,12,1935,1900,35,2155,2131,24,"DL",947,"N6705Y","LGA","ATL",116,762,19,0,1678734000,0,1,0,0
2013,8,30,847,830,17,1111,1130,-19,"UA",443,"N589UA","JFK","LAX",294,2475,8,30,1693468800,1,0,0,0
2013,11,10,2235,2139,56,9,2302,67,"B6",702,"N309JB","JFK","BUF",69,301,21,39,1699736400,0,0,0,0
2013,6,14,2037,1930,67,2144,2047,57,"EV",5769,"N835AS","LGA","IAD",43,229,19,30,1686855600,0,0,0,0
2013,10,4,1528,1530,-2,1744,1747,-3,"DL",1942,"N340NB","EWR","ATL",100,746,15,30,1696518000,0,1,0,0
2013,2,15,633,635,-2,855,852,3,"EV",4423,"N26141","EWR","IND",108,645,6,35,1676527200,0,0,0,0
2013,11,5,1755,1800,-5,1902,1919,-17,"US",2158,"N955UW","LGA","BOS",41,184,18,0,1699293600,0,0,0,1
2013,12,10,1923,1921,2,2258,2246,12,"B6",71,"N648JB","JFK","SLC",312,1990,19,21,1702321200,0,0,0,0
2013,6,11,1602,1550,12,1740,1749,-9,"9E",3523,"N909XJ","JFK","ORD",129,740,15,50,1686582000,0,0,0,0
2013,8,29,1928,1934,-6,2134,2143,-9,"EV",4293,"N18557","EWR","CHS",91,628,19,34,1693422000,0,0,0,0
2013,8,22,2136,2040,56,2324,2235,49,"MQ",3603,"N735MQ","LGA","DTW",79,502,20,40,1692820800,0,0,0,0
2013,9,11,1443,1450,-7,1627,1637,-10,"EV",5675,"N12135","EWR","CMH",75,463,14,50,1694527200,0,0,0,0
2013,9,18,805,805,0,1113,1103,10,"DL",2395,"N331NB","LGA","PBI",157,1035,8,5,1695110400,0,1,0,0
2013,11,22,1448,1455,-7,1936,1949,-13,"B6",703,"N592JB","JFK","SJU",197,1598,14,55,1700748000,0,0,0,0
2013,3,13,1526,1530,-4,1836,1922,-46,"DL",1322,"N707TW","JFK","SFO",340,2586,15,30,1678806000,0,1,0,0
2013,7,24,601,605,-4,839,905,-26,"AA",1837,"N3CGAA","LGA","MIA",140,1096,6,5,1690264800,0,0,1,0
2013,1,3,1257,1255,2,1513,1535,-22,"WN",1251,"N270WN","LGA","DEN",229,1620,12,55,1672833600,0,0,0,0
2013,8,14,1300,1300,0,1554,1614,-20,"UA",1700,"N39416","EWR","SFO",332,2565,13,0,1692104400,1,0,0,0
2013,12,31,1554,1545,9,1836,1815,21,"WN",3778,"N223WN","EWR","DEN",249,1605,15,45,1704121200,0,0,0,0
2013,9,3,554,600,-6,700,700,0,"US",2134,"N717UW","LGA","BOS",39,184,6,0,1693807200,0,0,0,1
2013,3,2,2240,2245,-5,19,2354,25,"B6",608,"N193JB","JFK","PWM",50,273,22,45,1677880800,0,0,0,0
2013,6,5,1716,1709,7,1909,1905,4,"EV",4658,"N11155","EWR","CHS",91,628,17,9,1686070800,0,0,0,0
2013,6,25,1148,1159,-11,1326,1344,-18,"MQ",3404,"N724MQ","LGA","RDU",67,431,11,59,1687777200,0,0,0,0
2013,10,28,1927,1930,-3,2106,2125,-19,"MQ",3349,"N501MQ","LGA","MSP",145,1020,19,30,1698606000,0,0,0,0
2013,9,18,803,804,-1,951,958,-7,"EV",5242,"N605QX","LGA","GSO",67,461,8,4,1695110400,0,0,0,0
2013,5,2,1941,1929,12,2208,2236,-28,"UA",1464,"N37263","EWR","SAN",309,2425,19,29,1683140400,1,0,0,0
2013,5,26,1025,1030,-5,1146,1144,2,"EV",3819,"N13975","EWR","IAD",48,212,10,30,1685181600,0,0,0,0
2013,3,31,1652,1700,-8,1810,1821,-11,"US",2183,"N766US","LGA","DCA",47,214,17,0,1680368400,0,0,0,1
2013,12,31,2117,2046,31,2356,2349,7,"UA",249,"N491UA","EWR","TPA",142,997,20,46,1704139200,1,0,0,0
2013,9,3,1329,1329,0,1758,1814,-16,"UA",15,"N68061","EWR","HNL",602,4963,13,29,1693832400,1,0,0,0
2013,3,19,1552,1600,-8,1807,1820,-13,"MQ",3985,"N688MQ","JFK","CVG",106,589,16,0,1679328000,0,0,0,0
2013,12,1,1445,1445,0,1723,1737,-14,"B6",1883,"N634JB","JFK","MCO",134,944,14,45,1701525600,0,0,0,0
2013,4,15,1140,1145,-5,1425,1431,-6,"B6",625,"N348JB","JFK","HOU",206,1428,11,45,1681642800,0,0,0,0
2013,7,7,1310,1259,11,1655,1654,1,"UA",1708,"N39415","EWR","SJU",201,1608,12,59,1688817600,1,0,0,0
2013,7,21,2331,2155,96,210,43,87,"B6",425,"N580JB","JFK","TPA",135,1005,21,55,1690059600,0,0,0,0
2013,4,28,1215,1210,5,1509,1510,-1,"AA",743,"N481AA","LGA","DFW",188,1389,12,10,1682769600,0,0,1,0
2013,3,19,802,805,-3,1112,1106,6,"DL",2395,"N309US","LGA","PBI",147,1035,8,5,1679299200,0,1,0,0
2013,7,2,2156,2150,6,47,100,-13,"AA",185,"N329AA","JFK","LAX",306,2475,21,50,1688418000,0,0,1,0
2013,7,20,606,610,-4,756,806,-10,"DL",1919,"N370NB","LGA","MSP",150,1020,6,10,1689919200,0,1,0,0
2013,7,25,1920,1920,0,2049,2100,-11,"AA",361,"N3AEAA","LGA","ORD",102,733,19,20,1690398000,0,0,1,0
2013,2,7,1558,1555,3,2029,2055,-26,"B6",703,"N563JB","JFK","SJU",188,1598,15,55,1675868400,0,0,0,0
2013,11,24,1353,1359,-6,1516,1534,-18,"EV",4171,"N15973","EWR","MSN",129,799,13,59,1700917200,0,0,0,0
2013,4,24,1201,1200,1,1450,1500,-10,"UA",1186,"N68452","EWR","MIA",146,1085,12,0,1682424000,1,0,0,0
2013,7,16,1945,1930,15,2103,2049,14,"EV",5714,"N833AS","JFK","IAD",44,228,19,30,1689620400,0,0,0,0
2013,9,20,557,600,-3,832,905,-33,"AA",1175,"N3BLAA","LGA","MIA",137,1096,6,0,1695276000,0,0,1,0
2013,10,17,921,920,1,1234,1235,-1,"VX",407,"N624VA","JFK","LAX",338,2475,9,20,1697619600,0,0,0,0
2013,4,11,2018,2014,4,2218,2218,0,"EV",3838,"N14952","EWR","CVG",95,569,20,14,1681329600,0,0,0,0
2013,5,1,1558,1545,13,1736,1745,-9,"MQ",4146,"N687MQ","JFK","CMH",72,483,15,45,1683039600,0,0,0,0
2013,11,25,828,829,-1,948,958,-10,"EV",5813,"N14923","EWR","RIC",53,277,8,29,1700985600,0,0,0,0
2013,3,20,1655,1700,-5,1943,1955,-12,"AA",257,"N3JXAA","JFK","LAS",325,2248,17,0,1679418000,0,0,1,0
2013,11,26,1632,1615,17,1933,1925,8,"AA",211,"N3DAAA","JFK","IAH",219,1417,16,15,1701100800,0,0,1,0
2013,2,13,1402,1400,2,1505,1510,-5,"EV",4434,"N14558","EWR","MHT",37,209,14,0,1676383200,0,0,0,0
2013,3,18,1312,1230,42,1509,1427,42,"EV",4640,"N29917","EWR","DAY",90,533,12,30,1679227200,0,0,0,0
2013,10,10,1325,1325,0,1630,1623,7,"UA",1054,"N14115","EWR","LAX",340,2454,13,25,1697029200,1,0,0,0
2013,3,23,1824,1815,9,2052,2033,19,"9E",3470,"N908XJ","JFK","DTW",86,509,18,15,1679680800,0,0,0,0
2013,6,14,1942,1935,7,2246,2223,23,"9E",3380,"N908XJ","JFK","JAX",102,828,19,35,1686855600,0,0,0,0
2013,7,20,1152,1200,-8,1251,1318,-27,"EV",3265,"N14177","EWR","BTV",43,266,12,0,1689940800,0,0,0,0
2013,3,12,2117,1847,150,10,2219,111,"UA",389,"N510UA","JFK","SFO",327,2586,18,47,1678730400,1,0,0,0
2013,3,23,2310,2030,160,30,2204,146,"FL",354,"N983AT","LGA","CAK",67,397,20,30,1679688000,0,0,0,0
2013,4,10,1147,950,117,1422,1252,90,"B6",503,"N746JB","EWR","FLL",139,1065,9,50,1681203600,0,0,0,0
2013,12,22,1549,1515,34,1908,1838,30,"DL",419,"N713TW","JFK","SEA",327,2422,15,15,1703343600,0,1,0,0
2013,2,10,2034,2039,-5,2140,2143,-3,"EV",4695,"N13553","EWR","MHT",41,209,20,39,1676145600,0,0,0,0
2013,9,6,1407,1410,-3,1628,1635,-7,"FL",350,"N992AT","LGA","ATL",109,762,14,10,1694095200,0,0,0,0
2013,3,18,2223,2015,128,11,2130,161,"AA",1762,"N3CBAA","JFK","BOS",42,187,20,15,1679256000,0,0,1,0
2013,9,12,732,735,-3,1013,1031,-18,"DL",183,"N710TW","JFK","SEA",317,2422,7,35,1694588400,0,1,0,0
2013,6,29,1100,1106,-6,1251,1324,-33,"UA",405,"N405UA","LGA","DEN",209,1620,11,6,1688122800,1,0,0,0
2013,6,27,1649,1545,64,2009,1911,58,"DL",31,"N391DA","JFK","SLC",270,1990,15,45,1687964400,0,1,0,0
2013,9,8,1452,1459,-7,1623,1630,-7,"UA",798,"N445UA","EWR","ORD",114,719,14,59,1694268000,1,0,0,0
2013,6,10,2119,2029,50,58,27,31,"UA",1244,"N37465","EWR","SJU",202,1608,20,29,1686513600,1,0,0,0
2013,8,22,1329,1300,29,1426,1416,10,"US",2181,"N702UW","LGA","DCA",45,214,13,0,1692795600,0,0,0,1
2013,10,7,849,830,19,1004,1007,-3,"9E",3521,"N914XJ","JFK","ORD",113,740,8,30,1696752000,0,0,0,0
2013,7,12,1151,1155,-4,1452,1455,-3,"AA",2147,"N3JWAA","EWR","MIA",156,1085,11,55,1689246000,0,0,1,0
2013,7,1,849,853,-4,1231,1212,19,"B6",15,"N715JB","JFK","SFO",325,2586,8,53,1688284800,0,0,0,0
2013,12,4,1746,1715,31,1942,1915,27,"AA",199,"N3CWAA","JFK","ORD",135,740,17,15,1701795600,0,0,1,0
2013,1,16,1722,1715,7,2051,2019,32,"DL",1585,"N946DL","LGA","MCO",155,950,17,15,1673974800,0,1,0,0
2013,11,21,757,800,-3,953,945,8,"MQ",2809,"N527MQ","LGA","STL",139,888,8,0,1700640000,0,0,0,0
2013,11,4,1956,2000,-4,2323,2315,8,"VX",415,"N361VA","JFK","LAX",355,2475,20,0,1699214400,0,0,0,0
2013,5,30,1911,1900,11,2136,2203,-27,"UA",1218,"N76514","EWR","SEA",287,2402,19,0,1685559600,1,0,0,0
2013,8,29,1833,1835,-2,2105,2046,19,"DL",2019,"N325US","LGA","MSP",139,1020,18,35,1693418400,0,1,0,0
2013,11,12,1003,1000,3,1142,1120,22,"US",2175,"N760US","LGA","DCA",45,214,10,0,1699869600,0,0,0,1
2013,10,16,552,600,-8,708,717,-9,"EV",5747,"N829AS","LGA","IAD",51,229,6,0,1697522400,0,0,0,0
2013,12,15,808,815,-7,1007,953,14,"9E",4213,"N605LR","LGA","RIC",71,292,8,15,1702713600,0,0,0,0
2013,4,26,1153,1200,-7,1334,1310,24,"US",2126,"N951UW","LGA","BOS",32,184,12,0,1682596800,0,0,0,1
2013,7,6,1021,850,91,1125,1011,74,"9E",3713,"N8683B","JFK","DCA",42,213,8,50,1688716800,0,0,0,0
2013,4,5,1126,1130,-4,1440,1421,19,"DL",695,"N920DE","JFK","MCO",166,944,11,30,1680778800,0,1,0,0
2013,9,8,830,830,0,938,947,-9,"9E",3879,"N8923A","JFK","BWI",37,184,8,30,1694246400,0,0,0,0
2013,11,12,2022,1940,42,2155,2120,35,"AA",363,"N530AA","LGA","ORD",106,733,19,40,1699902000,0,0,1,0
2013,4,23,1738,1735,3,2023,2003,20,"DL",884,"N375NC","LGA","DEN",237,1620,17,35,1682355600,0,1,0,0
2013,1,23,2023,1930,53,2230,2151,39,"9E",3798,"N8965E","JFK","CLT",90,541,19,30,1674586800,0,0,0,0
2013,9,23,1856,1905,-9,2015,2025,-10,"WN",381,"N292WN","LGA","MKE",111,738,19,5,1695582000,0,0,0,0
2013,8,28,722,705,17,947,955,-8,"AA",707,"N3GEAA","LGA","DFW",180,1389,7,5,1693292400,0,0,1,0
2013,3,26,18,2138,160,310,29,161,"B6",383,"N588JB","LGA","FLL",149,1076,21,38,1679950800,0,0,0,0
2013,6,10,1520,1456,24,1726,1724,2,"UA",1222,"N75435","EWR","LAS",286,2227,14,56,1686492000,1,0,0,0
2013,11,19,1436,1440,-4,1650,1706,-16,"B6",575,"N273JB","JFK","MSY",173,1182,14,40,1700488800,0,0,0,0
2013,3,16,557,600,-3,846,858,-12,"UA",1115,"N78501","EWR","TPA",149,997,6,0,1679032800,1,0,0,0
2013,12,27,654,705,-11,1003,1032,-29,"DL",2003,"N946DL","LGA","MIA",160,1096,7,5,1703746800,0,1,0,0
2013,12,18,946,945,1,1242,1300,-18,"AA",1223,"N4XDAA","EWR","DFW",198,1372,9,45,1702976400,0,0,1,0
2013,7,12,2107,2059,8,2328,12,-44,"UA",1439,"N54241","EWR","LAX",287,2454,20,59,1689278400,1,0,0,0
2013,3,1,828,830,-2,949,1005,-16,"WN",1171,"N913WN","EWR","MDW",108,711,8,30,1677744000,0,0,0,0
2013,12,19,1501,1345,76,1736,1646,50,"UA",1695,"N67052","EWR","IAH",184,1400,13,45,1703077200,1,0,0,0
2013,10,8,1549,1555,-6,1812,1828,-16,"DL",1705,"N352NW","LGA","MSY",153,1183,15,55,1696863600,0,1,0,0
2013,5,18,2001,1959,2,2059,2129,-30,"UA",1412,"N78524","EWR","BOS",43,200,19,59,1684522800,1,0,0,0
2013,11,4,1711,1712,-1,2016,2002,14,"UA",246,"N824UA","EWR","DFW",211,1372,17,12,1699203600,1,0,0,0
2013,2,17,909,915,-6,1236,1236,0,"DL",2379,"N334NB","LGA","FLL",172,1076,9,15,1676710800,0,1,0,0
2013,12,28,959,955,4,1137,1120,17,"WN",752,"N452WN","LGA","MKE",114,738,9,55,1703840400,0,0,0,0
2013,3,29,1022,1020,2,1322,1330,-8,"AA",731,"N3JXAA","LGA","DFW",210,1389,10,20,1680170400,0,0,1,0
2013,11,8,1757,1757,0,2102,2103,-1,"DL",2370,"N320NB","LGA","PBI",142,1035,17,57,1699549200,0,1,0,0
2013,8,11,1529,1537,-8,1725,1738,-13,"EV",4576,"N12195","EWR","GRR",93,605,15,37,1691852400,0,0,0,0
2013,7,27,713,721,-8,831,903,-32,"EV",4125,"N14188","EWR","GSO",65,445,7,21,1690527600,0,0,0,0
2013,1,30,1009,1015,-6,1321,1330,-9,"UA",680,"N563UA","LGA","IAH",231,1416,10,15,1675159200,1,0,0,0
2013,12,15,1150,1100,50,1350,1253,57,"9E",3475,"N292PQ","EWR","DTW",85,488,11,0,1702724400,0,0,0,0
2013,11,11,908,850,18,1236,1228,8,"B6",15,"N806JB","JFK","SFO",356,2586,8,50,1699776000,0,0,0,0
2013,9,4,1653,1700,-7,1753,1815,-22,"US",2156,"N967UW","LGA","BOS",41,184,17,0,1693933200,0,0,0,1
2013,6,26,2034,2030,4,2247,2206,41,"9E",3395,"N928XJ","JFK","DCA",56,213,20,30,1687896000,0,0,0,0
2013,3,15,1441,1445,-4,1747,1819,-32,"DL",963,"N711ZX","JFK","LAX",337,2475,14,45,1678975200,0,1,0,0
2013,4,11,846,840,6,1140,1150,-10,"UA",443,"N560UA","JFK","LAX",330,2475,8,40,1681286400,1,0,0,0
2013,5,27,621,627,-6,902,900,2,"B6",203,"N656JB","JFK","LAS",312,2248,6,27,1685253600,0,0,0,0
2013,2,17,1648,1630,18,2013,2015,-2,"VX",27,"N636VA","JFK","SFO",368,2586,16,30,1676736000,0,0,0,0
2013,4,14,1011,1015,-4,1240,1310,-30,"AA",731,"N3JEAA","LGA","DFW",190,1389,10,15,1681552800,0,0,1,0
2013,12,23,1746,1730,16,1948,1928,20,"US",687,"N669AW","EWR","CLT",107,529,17,30,1703437200,0,0,0,1
2013,12,19,1659,1700,-1,2004,2012,-8,"UA",246,"N452UA","LGA","IAH",201,1416,17,0,1703091600,1,0,0,0
2013,5,14,1825,1830,-5,1931,1955,-24,"MQ",4484,"N725MQ","LGA","BNA",107,764,18,30,1684173600,0,0,0,0
2013,12,11,1050,1100,-10,1147,1210,-23,"US",2144,"N948UW","LGA","BOS",38,184,11,0,1702378800,0,0,0,1
2013,10,28,802,800,2,1016,1022,-6,"UA",561,"N529UA","LGA","DEN",226,1620,8,0,1698566400,1,0,0,0
2013,11,21,1535,1450,45,1743,1649,54,"US",1995,"N538UW","LGA","CLT",92,544,14,50,1700661600,0,0,0,1
2013,1,30,2153,2159,-6,2315,2300,15,"EV",4519,"N13553","EWR","BWI",53,169,21,59,1675198800,0,0,0,0
2013,9,24,1532,1529,3,1851,1846,5,"UA",1246,"N37427","EWR","SFO",344,2565,15,29,1695654000,1,0,0,0
2013,5,2,1843,1821,22,2152,2126,26,"UA",1587,"N34222","EWR","RSW",155,1068,18,21,1683136800,1,0,0,0
2013,6,8,1853,1859,-6,2157,2215,-18,"UA",1152,"N38473","EWR","PDX",341,2434,18,59,1686333600,1,0,0,0
2013,8,25,2104,2000,64,2334,2305,29,"UA",270,"N576UA","EWR","FLL",127,1065,20,0,1693080000,1,0,0,0
2013,6,11,1554,1540,14,1906,1858,8,"UA",257,"N505UA","JFK","SFO",348,2586,15,40,1686582000,1,0,0,0
2013,1,6,658,700,-2,836,835,1,"UA",297,"N463UA","EWR","ORD",119,719,7,0,1673074800,1,0,0,0
2013,1,9,1035,1031,4,1420,1403,17,"B6",641,"N806JB","JFK","SFO",379,2586,10,31,1673344800,0,0,0,0
2013,5,25,24,2245,99,134,1,93,"B6",128,"N355JB","JFK","BTV",54,266,22,45,1685138400,0,0,0,0
2013,2,18,1920,1820,60,2022,1942,40,"B6",1307,"N198JB","JFK","IAD",46,228,18,20,1676829600,0,0,0,0
2013,7,10,1500,1359,61,1803,1650,73,"UA",1211,"N33266","EWR","LAX",330,2454,13,59,1689080400,1,0,0,0
2013,11,8,1850,1851,-1,2150,2200,-10,"UA",1128,"N24706","LGA","IAH",203,1416,18,51,1699552800,1,0,0,0
2013,11,10,1246,1245,1,1536,1537,-1,"B6",383,"N508JB","JFK","MCO",140,944,12,45,1699704000,0,0,0,0
2013,10,30,1457,1509,-12,1735,1731,4,"UA",745,"N565UA","LGA","DEN",255,1620,15,9,1698764400,1,0,0,0
2013,7,17,1610,1435,95,1800,1600,120,"9E",3969,"N8968E","JFK","BWI",43,184,14,35,1689688800,0,0,0,0
2013,8,30,1254,1257,-3,1439,1458,-19,"US",1895,"N182UW","LGA","CLT",75,544,12,57,1693483200,0,0,0,1
2013,4,7,1133,1135,-2,1447,1449,-2,"DL",2044,"N976DL","LGA","MIA",153,1096,11,35,1680951600,0,1,0,0
2013,10,29,1156,1200,-4,1246,1304,-18,"B6",2380,"N339JB","EWR","BOS",35,200,12,0,1698667200,0,0,0,0
2013,3,4,1008,1000,8,1135,1137,-2,"UA",1460,"N77530","LGA","ORD",108,733,10,0,1678010400,1,0,0,0
2013,1,3,815,815,0,949,958,-9,"9E",3521,"N914XJ","JFK","ORD",123,740,8,15,1672819200,0,0,0,0
2013,11,17,1026,1030,-4,1256,1244,12,"DL",2343,"N358NB","EWR","ATL",122,746,10,30,1700301600,0,1,0,0
2013,5,23,748,748,0,925,931,-6,"EV",4099,"N13964","EWR","STL",127,872,7,48,1684911600,0,0,0,0
2013,12,23,1453,1440,13,1653,1644,9,"DL",1231,"N966DL","LGA","DTW",90,502,14,40,1703426400,0,1,0,0
2013,10,24,628,630,-2,842,840,2,"US",2085,"N191UW","LGA","CLT",114,544,6,30,1698213600,0,0,0,1
2013,1,7,802,810,-8,939,955,-16,"MQ",4406,"N730MQ","JFK","RDU",66,427,8,10,1673164800,0,0,0,0
2013,8,19,610,611,-1,954,954,0,"B6",1403,"N789JB","JFK","SJU",201,1598,6,11,1692511200,0,0,0,0
2013,11,19,1545,1545,0,1806,1756,10,"EV",4576,"N11535","EWR","GRR",109,605,15,45,1700492400,0,0,0,0
2013,6,9,847,850,-3,1248,1300,-12,"AA",1357,"N5FNAA","JFK","SJU",206,1598,8,50,1686384000,0,0,1,0
2013,2,15,1450,1450,0,1626,1640,-14,"MQ",4403,"N853MQ","JFK","RDU",78,427,14,50,1676556000,0,0,0,0
2013,1,4,559,600,-1,902,925,-23,"UA",303,"N557UA","JFK","SFO",334,2586,6,0,1672898400,1,0,0,0
2013,9,5,742,700,42,951,934,17,"DL",1547,"N958DL","LGA","ATL",103,762,7,0,1693983600,0,1,0,0
2013,11,9,649,655,-6,904,920,-16,"AA",1263,"N634AA","JFK","LAS",291,2248,6,55,1699596000,0,0,1,0
2013,6,8,1548,1555,-7,1759,1844,-45,"DL",161,"N3740C","JFK","LAS",295,2248,15,55,1686322800,0,1,0,0
2013,1,1,656,659,-3,949,959,-10,"AA",1815,"N5FMAA","JFK","MCO",142,944,6,59,1672639200,0,0,1,0
2013,11,6,1912,1650,142,2024,1802,142,"B6",918,"N281JB","JFK","BOS",39,187,16,50,1699372800,0,0,0,0
2013,5,28,1545,1545,0,1919,1901,18,"DL",141,"N326US","JFK","FLL",148,1069,15,45,1685372400,0,1,0,0
2013,10,1,1907,1910,-3,2128,2208,-40,"DL",2159,"N918DE","JFK","MCO",118,944,19,10,1696273200,0,1,0,0
2013,10,4,656,700,-4,948,1008,-20,"UA",1299,"N37474","EWR","RSW",149,1068,7,0,1696489200,1,0,0,0
2013,4,4,1803,1805,-2,2108,2128,-20,"B6",217,"N547JB","JFK","LGB",329,2465,18,5,1680717600,0,0,0,0
2013,8,21,756,805,-9,918,950,-32,"9E",3611,"N8948B","JFK","PIT",61,340,8,5,1692691200,0,0,0,0
2013,1,25,947,955,-8,1052,1100,-8,"9E",3667,"N8515F","JFK","PHL",30,94,9,55,1674723600,0,0,0,0
2013,9,27,649,655,-6,906,914,-8,"UA",343,"N567UA","LGA","DEN",230,1620,6,55,1695880800,1,0,0,0
2013,3,14,721,705,16,839,837,2,"EV",4547,"N13566","EWR","BNA",113,748,7,5,1678863600,0,0,0,0
2013,1,20,2109,2100,9,2229,2220,9,"MQ",3744,"N523MQ","EWR","ORD",122,719,21,0,1674334800,0,0,0,0
2013,11,1,1935,1930,5,2228,2238,-10,"B6",225,"N768JB","JFK","TPA",152,1005,19,30,1698951600,0,0,0,0
2013,7,24,1653,1655,-2,1847,1900,-13,"US",681,"N642AW","EWR","PHX",274,2133,16,55,1690300800,0,0,0,1
2013,9,10,1624,1630,-6,1813,1825,-12,"EV",5461,"N753EV","LGA","RDU",64,431,16,30,1694448000,0,0,0,0
2013,7,22,811,815,-4,942,955,-13,"EV",4872,"N611QX","LGA","RIC",57,292,8,15,1690099200,0,0,0,0
2013,2,21,644,645,-1,945,958,-13,"UA",449,"N496UA","EWR","RSW",167,1068,6,45,1677045600,1,0,0,0
2013,10,5,1016,1020,-4,1253,1310,-17,"B6",925,"N559JB","JFK","TPA",135,1005,10,20,1696586400,0,0,0,0
2013,6,9,1815,1815,0,2103,2105,-2,"UA",1218,"N14230","EWR","DFW",189,1372,18,15,1686420000,1,0,0,0
2013,10,14,1657,1700,-3,1937,1945,-8,"AA",45,"N628AA","JFK","LAS",310,2248,17,0,1697389200,0,0,1,0
2013,7,5,1557,1600,-3,1834,1849,-15,"B6",543,"N657JB","EWR","PBI",137,1023,16,0,1688659200,0,0,0,0
2013,1,11,1641,1645,-4,1842,1900,-18,"DL",1473,"N323NB","LGA","MEM",143,963,16,45,1673539200,0,1,0,0
2013,5,21,625,629,-4,836,825,11,"US",1609,"N126UW","EWR","CLT",79,529,6,29,1684735200,0,0,0,1
2013,4,8,740,700,40,1108,1010,58,"AA",2279,"N3ADAA","LGA","MIA",151,1096,7,0,1681023600,0,0,1,0
2013,4,20,1841,1830,11,1953,2013,-20,"UA",1523,"N17719","EWR","ORD",111,719,18,30,1682100000,1,0,0,0
2013,10,24,1720,1720,0,2029,2030,-1,"AA",291,"N3HBAA","JFK","AUS",221,1521,17,20,1698253200,0,0,1,0
2013,7,1,752,800,-8,1024,1021,3,"B6",677,"N178JB","JFK","JAX",122,828,8,0,1688284800,0,0,0,0
2013,9,15,727,729,-2,830,848,-18,"EV",4420,"N13979","EWR","ORF",48,284,7,29,1694847600,0,0,0,0
2013,9,22,1930,1900,30,2245,2232,13,"DL",1465,"N721TW","JFK","SFO",334,2586,19,0,1695495600,0,1,0,0
2013,7,30,856,900,-4,1111,1120,-9,"DL",485,"N302NB","EWR","ATL",98,746,9,0,1690794000,0,1,0,0
2013,6,12,1812,1758,14,1948,1955,-7,"UA",1053,"N16732","EWR","CLE",67,404,17,58,1686675600,1,0,0,0
2013,7,20,1159,1205,-6,1325,1353,-28,"9E",3601,"N8390A","JFK","RDU",67,427,12,5,1689940800,0,0,0,0
2013,8,28,1245,1242,3,1344,1349,-5,"B6",1318,"N346JB","JFK","BOS",36,187,12,42,1693310400,0,0,0,0
2013,8,23,1958,2000,-2,2225,2225,0,"MQ",3662,"N502MQ","LGA","ATL",104,762,20,0,1692907200,0,0,0,0
2013,5,5,2155,2159,-4,2258,2326,-28,"UA",625,"N457UA","EWR","BOS",40,200,21,59,1683406800,1,0,0,0
2013,4,23,1705,1600,65,1855,1720,95,"AA",854,"N3GCAA","JFK","BOS",62,187,16,0,1682352000,0,0,1,0
2013,7,12,1449,1450,-1,1717,1652,25,"US",1543,"N199UW","LGA","CLT",100,544,14,50,1689256800,0,0,0,1
2013,10,1,2017,2025,-8,2249,2342,-53,"DL",2065,"N397DA","JFK","FLL",132,1069,20,25,1696276800,0,1,0,0
2013,6,26,1428,1425,3,1538,1554,-16,"B6",2402,"N324JB","JFK","BUF",54,301,14,25,1687874400,0,0,0,0
2013,7,2,1438,1445,-7,1552,1631,-39,"EV",5483,"N753EV","LGA","BGR",54,378,14,45,1688392800,0,0,0,0
2013,4,30,943,950,-7,1300,1252,8,"B6",503,"N706JB","EWR","FLL",164,1065,9,50,1682931600,0,0,0,0
2013,1,12,658,705,-7,923,1002,-39,"B6",389,"N629JB","LGA","MCO",124,950,7,5,1673593200,0,0,0,0
2013,2,22,1755,1800,-5,1903,1913,-10,"US",2138,"N954UW","LGA","BOS",34,184,18,0,1677175200,0,0,0,1
2013,4,3,1821,1800,21,2149,2118,31,"UA",1721,"N76504","EWR","LAX",337,2454,18,0,1680631200,1,0,0,0
2013,1,8,824,828,-4,1058,1105,-7,"B6",611,"N178JB","JFK","JAX",123,828,8,28,1673251200,0,0,0,0
2013,8,11,1903,1830,33,2206,2140,26,"B6",305,"N592JB","EWR","FLL",144,1065,18,30,1691863200,0,0,0,0
2013,2,19,1518,1450,28,1702,1626,36,"EV",4558,"N14173","EWR","RDU",77,416,14,50,1676901600,0,0,0,0
2013,1,19,601,600,1,711,724,-13,"EV",6012,"N19554","LGA","IAD",48,229,6,0,1674194400,0,0,0,0
2013,5,28,1639,1545,54,1837,1745,52,"MQ",4146,"N637MQ","JFK","CMH",73,483,15,45,1685372400,0,0,0,0
2013,6,4,628,635,-7,827,844,-17,"EV",4393,"N13538","EWR","IND",99,645,6,35,1685944800,0,0,0,0
2013,12,6,1514,1455,19,1731,1650,41,"MQ",3391,"N813MQ","LGA","CMH",88,479,14,55,1701957600,0,0,0,0
2013,4,20,1337,1340,-3,1619,1640,-21,"AA",753,"N3GSAA","LGA","DFW",207,1389,13,40,1682082000,0,0,1,0
2013,6,29,1921,1855,26,2239,2216,23,"B6",669,"N638JB","JFK","SJC",321,2569,18,55,1688148000,0,0,0,0
2013,11,26,1559,1600,-1,1818,1826,-8,"9E",2922,"N902XJ","JFK","MSP",156,1029,16,0,1701100800,0,0,0,0
2013,9,14,802,805,-3,1039,1050,-11,"UA",395,"N541UA","EWR","MCO",132,937,8,5,1694764800,1,0,0,0
2013,4,21,1243,1250,-7,1605,1548,17,"B6",85,"N570JB","JFK","FLL",165,1069,12,50,1682164800,0,0,0,0
2013,3,18,2037,1935,62,2355,2235,80,"DL",1485,"N991DL","LGA","MCO",140,950,19,35,1679252400,0,1,0,0
2013,3,20,1724,1725,-1,2016,2036,-20,"DL",1185,"N370NW","EWR","SLC",271,1969,17,25,1679418000,0,1,0,0
2013,10,31,543,545,-2,852,827,25,"UA",1714,"N39728","LGA","IAH",220,1416,5,45,1698814800,1,0,0,0
2013,4,28,1152,1155,-3,1306,1310,-4,"MQ",4425,"N804MQ","JFK","DCA",52,213,11,55,1682766000,0,0,0,0
2013,10,25,1732,1629,63,1919,1750,89,"YV",3771,"N509MJ","LGA","IAD",47,229,16,29,1698336000,0,0,0,0
2013,2,3,1346,1354,-8,1450,1500,-10,"EV",4434,"N14562","EWR","MHT",37,209,13,54,1675515600,0,0,0,0
2013,10,14,1941,1947,-6,2249,2250,-1,"B6",201,"N623JB","JFK","FLL",128,1069,19,47,1697396400,0,0,0,0
2013,2,7,1440,1439,1,1740,1751,-11,"UA",1175,"N14214","EWR","RSW",154,1068,14,39,1675864800,1,0,0,0
2013,10,31,1853,1900,-7,2117,2125,-8,"DL",1715,"N345NB","LGA","MSY",172,1183,19,0,1698865200,0,1,0,0
2013,1,23,1109,845,144,1211,1015,116,"9E",3405,"N600LR","JFK","DCA",45,213,8,45,1674547200,0,0,0,0
2013,9,24,650,700,-10,845,900,-15,"9E",3769,"N8948B","EWR","CVG",93,569,7,0,1695625200,0,0,0,0
2013,11,16,1749,1800,-11,1901,1931,-30,"9E",3726,"N8855A","LGA","ROC",45,254,18,0,1700244000,0,0,0,0
2013,11,15,801,755,6,1049,1114,-25,"UA",584,"N440UA","EWR","PDX",327,2434,7,55,1700118000,1,0,0,0
2013,8,30,909,915,-6,1046,1113,-27,"EV",5169,"N132EV","EWR","DTW",77,488,9,15,1693472400,0,0,0,0
2013,8,11,1900,1825,35,2114,2046,28,"9E",3807,"N8771A","EWR","CVG",92,569,18,25,1691863200,0,0,0,0
2013,3,8,1700,1705,-5,1815,1830,-15,"MQ",4410,"N821MQ","JFK","DCA",51,213,17,5,1678381200,0,0,0,0
2013,10,13,2129,2129,0,2324,2323,1,"EV",3833,"N22971","EWR","CLT",83,529,21,29,1697317200,0,0,0,0
2013,10,19,722,725,-3,850,855,-5,"WN",1439,"N7740A","EWR","BNA",126,748,7,25,1697785200,0,0,0,0
2013,4,23,1141,1140,1,1411,1431,-20,"UA",1106,"N17719","EWR","IAH",192,1400,11,40,1682334000,1,0,0,0
2013,8,31,1931,1935,-4,2211,2252,-41,"DL",87,"N618DL","JFK","SLC",259,1990,19,35,1693594800,0,1,0,0
2013,4,6,856,900,-4,1121,1116,5,"EV",4686,"N11176","EWR","MCI",169,1092,9,0,1680858000,0,0,0,0
2013,11,25,1957,2001,-4,2226,2220,6,"EV",4321,"N18102","EWR","MCI",189,1092,20,1,1701028800,0,0,0,0
2013,7,25,1140,1135,5,1440,1451,-11,"DL",954,"N942DL","LGA","FLL",148,1076,11,35,1690369200,0,1,0,0
2013,11,15,1012,1000,12,1308,1245,23,"DL",1847,"N933DL","LGA","ATL",127,762,10,0,1700128800,0,1,0,0
2013,3,16,857,900,-3,1208,1224,-16,"DL",120,"N705TW","JFK","LAX",349,2475,9,0,1679043600,0,1,0,0
2013,7,13,1505,1505,0,1705,1715,-10,"MQ",3402,"N738MQ","LGA","TVC",94,655,15,5,1689346800,0,0,0,0
2013,9,27,734,740,-6,1006,1035,-29,"B6",163,"N183JB","JFK","SRQ",135,1041,7,40,1695884400,0,0,0,0
2013,11,30,1810,1815,-5,2121,2146,-25,"DL",426,"N195DN","JFK","LAX",336,2475,18,15,1701453600,0,1,0,0
2013,5,22,1702,1559,63,1923,1814,69,"MQ",3985,"N628MQ","JFK","CVG",107,589,15,59,1684854000,0,0,0,0
2013,7,28,859,905,-6,1017,1016,1,"B6",1634,"N231JB","JFK","BTV",44,266,9,5,1690621200,0,0,0,0
2013,9,22,1544,1530,14,1721,1715,6,"WN",1013,"N7739A","LGA","STL",125,888,15,30,1695481200,0,0,0,0
2013,10,13,1341,1345,-4,1620,1633,-13,"B6",581,"N570JB","JFK","HOU",192,1428,13,45,1697288400,0,0,0,0
2013,1,15,643,645,-2,927,920,7,"UA",343,"N418UA","LGA","DEN",259,1620,6,45,1673848800,1,0,0,0
2013,11,29,706,705,1,1200,1156,4,"B6",3,"N568JB","JFK","SJU",204,1598,7,5,1701327600,0,0,0,0
2013,1,17,826,830,-4,1329,1335,-6,"DL",301,"N678DL","JFK","SJU",213,1598,8,30,1674028800,0,1,0,0
2013,12,1,556,600,-4,846,846,0,"B6",583,"N583JB","JFK","MCO",134,944,6,0,1701496800,0,0,0,0
2013,1,16,1215,1134,41,1445,1345,60,"DL",2219,"N369NB","LGA","MSP",165,1020,11,34,1673953200,0,1,0,0
2013,3,15,729,735,-6,922,935,-13,"EV",4344,"N19554","EWR","DTW",92,488,7,35,1678950000,0,0,0,0
2013,8,16,1543,1545,-2,1812,1814,-2,"DL",1705,"N330NB","LGA","MSY",175,1183,15,45,1692284400,0,1,0,0
2013,12,2,957,1001,-4,1320,1322,-2,"UA",471,"N524UA","EWR","SFO",363,2565,10,1,1701597600,1,0,0,0
2013,2,5,2248,2100,108,57,2250,127,"MQ",4584,"N8EGMQ","LGA","CLT",84,544,21,0,1675717200,0,0,0,0
2013,1,9,634,636,-2,936,945,-9,"UA",1701,"N87531","EWR","FLL",154,1065,6,36,1673330400,1,0,0,0
2013,2,27,618,620,-2,1134,1102,32,"B6",709,"N586JB","JFK","SJU",208,1598,6,20,1677564000,0,0,0,0
2013,6,13,2209,2021,108,2334,2200,94,"UA",1464,"N13718","EWR","CLE",63,404,20,21,1686772800,1,0,0,0
2013,10,28,1259,1259,0,1546,1555,-9,"UA",1280,"N27722","LGA","IAH",199,1416,12,59,1698580800,1,0,0,0
2013,3,26,1715,1706,9,2007,2016,-9,"B6",15,"N203JB","JFK","FLL",155,1069,17,6,1679936400,0,0,0,0
2013,5,7,1205,1209,-4,1431,1453,-22,"UA",377,"N442UA","EWR","IAH",179,1400,12,9,1683547200,1,0,0,0
2013,12,20,703,700,3,1031,1025,6,"VX",399,"N633VA","JFK","LAX",343,2475,7,0,1703142000,0,0,0,0
2013,4,20,842,829,13,1136,1057,39,"B6",611,"N190JB","JFK","JAX",141,828,8,29,1682064000,0,0,0,0
2013,1,20,1721,1725,-4,2016,2023,-7,"UA",1178,"N17105","EWR","IAH",208,1400,17,25,1674320400,1,0,0,0
2013,11,29,555,600,-5,1054,1043,11,"B6",1403,"N521JB","JFK","SJU",211,1598,6,0,1701324000,0,0,0,0
2013,4,2,1339,1340,-1,1448,1459,-11,"B6",602,"N324JB","JFK","PWM",53,273,13,40,1680526800,0,0,0,0
2013,2,7,1756,1800,-4,1918,1913,5,"US",2185,"N768US","LGA","DCA",45,214,18,0,1675879200,0,0,0,1
2013,10,29,655,659,-4,924,955,-31,"UA",537,"N402UA","EWR","PBI",130,1023,6,59,1698645600,1,0,0,0
2013,7,8,1821,1635,106,2115,1833,162,"EV",5509,"N716EV","EWR","DTW",76,488,16,35,1688918400,0,0,0,0
2013,9,23,1903,1905,-2,2144,2137,7,"DL",1729,"N3758Y","JFK","LAS",288,2248,19,5,1695582000,0,1,0,0
2013,7,21,1937,1940,-3,2239,2224,15,"EV",4204,"N12163","EWR","OKC",202,1325,19,40,1690052400,0,0,0,0
2013,9,2,2157,2005,112,2339,2130,129,"MQ",3604,"N508MQ","EWR","ORD",130,719,20,5,1693771200,0,0,0,0
2013,8,17,625,620,5,729,730,-1,"WN",3396,"N434WN","EWR","MDW",105,711,6,20,1692338400,0,0,0,0
2013,1,7,1457,1500,-3,1703,1655,8,"MQ",4429,"N734MQ","LGA","CMH",76,479,15,0,1673190000,0,0,0,0
2013,11,28,1305,1250,15,1421,1415,6,"WN",124,"N254WN","LGA","MKE",114,738,12,50,1701259200,0,0,0,0
2013,4,30,653,700,-7,956,1009,-13,"DL",2003,"N945DL","LGA","MIA",154,1096,7,0,1682924400,0,1,0,0
2013,6,23,1438,1440,-2,1619,1643,-24,"DL",1231,"N358NB","LGA","DTW",75,502,14,40,1687615200,0,1,0,0
2013,7,14,1601,1525,36,1737,1725,12,"MQ",3199,"N530MQ","LGA","CLT",72,544,15,25,1689433200,0,0,0,0
2013,11,28,759,743,16,1254,1230,24,"UA",1216,"N37274","EWR","SJU",210,1608,7,43,1701241200,1,0,0,0
2013,4,1,754,755,-1,950,1018,-28,"9E",3353,"N906XJ","JFK","DTW",93,509,7,55,1680418800,0,0,0,0
2013,3,24,751,751,0,955,959,-4,"EV",4532,"N14117","EWR","CHS",105,628,7,51,1679727600,0,0,0,0
2013,12,11,1738,1721,17,1838,1822,16,"EV",3811,"N14542","EWR","ALB",31,143,17,21,1702400400,0,0,0,0
2013,6,25,2235,1959,156,129,2140,229,"DL",975,"N902DE","LGA","PIT",58,335,19,59,1687806000,0,1,0,0
2013,1,12,1438,1440,-2,1723,1746,-23,"UA",1579,"N37434","EWR","MIA",151,1085,14,40,1673618400,1,0,0,0
2013,8,21,1739,1745,-6,1941,2014,-33,"DL",884,"N362NW","LGA","DEN",215,1620,17,45,1692723600,0,1,0,0
2013,6,9,1739,1629,70,2046,1939,67,"AA",565,"N3BDAA","JFK","DFW",191,1391,16,29,1686412800,0,0,1,0
2013,2,3,851,855,-4,1206,1217,-11,"B6",1061,"N339JB","JFK","AUS",221,1521,8,55,1675497600,0,0,0,0
2013,4,1,1713,1719,-6,1840,1857,-17,"UA",1446,"N76265","EWR","ORD",110,719,17,19,1680454800,1,0,0,0
2013,9,9,755,800,-5,923,918,5,"US",2171,"N702UW","LGA","DCA",56,214,8,0,1694332800,0,0,0,1
2013,8,25,1214,1000,134,1645,1440,125,"HA",51,"N391HA","JFK","HNL",609,4983,10,0,1693044000,0,0,0,0
2013,10,3,819,825,-6,1007,1023,-16,"US",409,"N661AW","EWR","CLT",79,529,8,25,1696406400,0,0,0,1
2013,7,31,1024,1029,-5,1231,1239,-8,"US",196,"N552UW","JFK","PHX",283,2153,10,29,1690884000,0,0,0,1
2013,4,23,2049,1900,109,2258,2110,108,"EV",4295,"N17108","EWR","MCI",161,1092,19,0,1682362800,0,0,0,0
2013,2,1,1630,1600,30,1949,1925,24,"AA",1467,"N3CHAA","LGA","MIA",164,1096,16,0,1675353600,0,0,1,0
2013,8,1,1154,1200,-6,1302,1318,-16,"EV",3838,"N11551","EWR","ROC",44,246,12,0,1690977600,0,0,0,0
2013,6,23,2204,2105,59,2317,2230,47,"MQ",3604,"N535MQ","EWR","ORD",95,719,21,5,1687640400,0,0,0,0
2013,6,11,903,910,-7,1053,1110,-17,"MQ",4582,"N502MQ","LGA","CLT",85,544,9,10,1686560400,0,0,0,0
2013,9,26,1453,1455,-2,1618,1634,-16,"9E",3393,"N923XJ","JFK","DCA",42,213,14,55,1695823200,0,0,0,0
2013,9,24,1616,1629,-13,1916,1933,-17,"B6",1161,"N657JB","LGA","PBI",143,1035,16,29,1695657600,0,0,0,0
2013,6,4,607,605,2,717,720,-3,"WN",3574,"N7734H","EWR","MDW",113,711,6,5,1685944800,0,0,0,0
2013,11,28,1209,1205,4,1504,1510,-6,"DL",1785,"N337NB","LGA","PBI",150,1035,12,5,1701259200,0,1,0,0
2013,12,19,809,811,-2,1109,1116,-7,"B6",901,"N624JB","JFK","FLL",149,1069,8,11,1703059200,0,0,0,0
2013,12,13,1348,1345,3,1640,1640,0,"UA",1611,"N67058","EWR","IAH",199,1400,13,45,1702558800,1,0,0,0
2013,5,9,656,700,-4,755,805,-10,"US",2116,"N952UW","LGA","BOS",35,184,7,0,1683702000,0,0,0,1
2013,2,15,2028,2020,8,2304,2328,-24,"DL",1729,"N373DA","JFK","LAS",292,2248,20,20,1676577600,0,1,0,0
2013,9,20,1054,1030,24,1310,1314,-4,"B6",483,"N509JB","JFK","MCO",121,944,10,30,1695290400,0,0,0,0
2013,2,4,1847,1850,-3,2151,2212,-21,"DL",2159,"N3767","JFK","MCO",147,944,18,50,1675620000,0,1,0,0
2013,12,5,1927,1735,112,2057,1925,92,"AA",345,"N4XCAA","LGA","ORD",124,733,17,35,1701882000,0,0,1,0
2013,9,14,1448,1455,-7,1647,1718,-31,"B6",575,"N374JB","JFK","MSY",148,1182,14,55,1694786400,0,0,0,0
2013,1,27,1931,1940,-9,2111,2125,-14,"MQ",3783,"N5PBMQ","JFK","CMH",80,483,19,40,1674932400,0,0,0,0
2013,10,14,2104,2110,-6,2246,2255,-9,"MQ",3603,"N510MQ","LGA","DTW",75,502,21,10,1697403600,0,0,0,0
2013,3,25,1047,1004,43,1220,1220,0,"DL",2319,"N310NW","LGA","MSP",131,1020,10,4,1679824800,0,1,0,0
2013,3,16,813,815,-2,1051,1006,45,"9E",3521,"N929XJ","JFK","ORD",140,740,8,15,1679040000,0,0,0,0
2013,2,17,2014,2025,-11,2134,2200,-26,"FL",354,"N954AT","LGA","CAK",62,397,20,25,1676750400,0,0,0,0
2013,4,24,625,630,-5,832,832,0,"US",1433,"N177US","LGA","CLT",86,544,6,30,1682402400,0,0,0,1
2013,6,21,2154,2150,4,40,100,-20,"AA",185,"N319AA","JFK","LAX",312,2475,21,50,1687467600,0,0,1,0
2013,9,20,1345,1345,0,1532,1520,12,"MQ",3305,"N504MQ","LGA","RDU",68,431,13,45,1695301200,0,0,0,0
2013,2,6,1808,1815,-7,2027,2050,-23,"DL",926,"N306DQ","EWR","ATL",108,746,18,15,1675792800,0,1,0,0
2013,1,24,1245,1251,-6,1519,1602,-43,"UA",428,"N414UA","LGA","IAH",192,1416,12,51,1674648000,1,0,0,0
2013,1,16,1741,1530,131,1933,1711,142,"9E",3719,"N8646A","LGA","RIC",63,292,15,30,1673967600,0,0,0,0
2013,11,19,1444,1450,-6,1657,1645,12,"MQ",3588,"N504MQ","LGA","MSP",164,1020,14,50,1700488800,0,0,0,0
2013,2,26,2022,2029,-7,2301,2333,-32,"UA",771,"N502UA","JFK","LAX",311,2475,20,29,1677528000,1,0,0,0
2013,10,11,1036,1029,7,1257,1318,-21,"UA",488,"N443UA","EWR","IAH",178,1400,10,29,1697104800,1,0,0,0
2013,10,6,1312,1257,15,1503,1455,8,"EV",3818,"N13550","EWR","DTW",84,488,12,57,1696680000,0,0,0,0
2013,2,20,823,827,-4,1319,1316,3,"B6",403,"N516JB","JFK","SJU",200,1598,8,27,1676966400,0,0,0,0
2013,4,23,555,600,-5,854,840,14,"B6",79,"N583JB","JFK","MCO",139,944,6,0,1682316000,0,0,0,0
2013,8,16,1608,1540,28,1754,1753,1,"UA",1107,"N45440","EWR","DEN",205,1605,15,40,1692284400,1,0,0,0
2013,9,30,1707,1714,-7,1813,1839,-26,"B6",918,"N192JB","JFK","BOS",39,187,17,14,1696179600,0,0,0,0
2013,3,26,628,630,-2,816,818,-2,"EV",4334,"N15980","EWR","CMH",70,463,6,30,1679896800,0,0,0,0
2013,3,8,642,645,-3,915,846,29,"US",1281,"N177US","EWR","CLT",78,529,6,45,1678341600,0,0,0,1
2013,12,10,920,921,-1,1343,1235,68,"B6",223,"N565JB","JFK","LAX",368,2475,9,21,1702285200,0,0,0,0
2013,6,30,1604,1606,-2,1936,1909,27,"B6",283,"N768JB","JFK","MCO",136,944,16,6,1688227200,0,0,0,0
2013,6,29,1220,1025,115,1531,1308,143,"B6",925,"N715JB","JFK","TPA",167,1005,10,25,1688119200,0,0,0,0
2013,5,7,1359,1400,-1,1620,1648,-28,"UA",205,"N832UA","EWR","IAH",181,1400,14,0,1683554400,1,0,0,0
2013,3,1,2010,2000,10,2319,2258,21,"UA",1709,"N38424","EWR","SEA",344,2402,20,0,1677787200,1,0,0,0
2013,5,12,2158,2146,12,2302,2251,11,"EV",4400,"N24103","EWR","DCA",40,199,21,46,1684011600,0,0,0,0
2013,3,29,1534,1545,-11,1831,1907,-36,"DL",2098,"N980DL","LGA","MIA",152,1096,15,45,1680188400,0,1,0,0
2013,3,19,657,630,27,928,914,14,"UA",216,"N480UA","EWR","PHX",307,2133,6,30,1679292000,1,0,0,0
2013,7,2,1451,1455,-4,1704,1645,19,"MQ",3359,"N811MQ","JFK","RDU",77,427,14,55,1688392800,0,0,0,0
2013,10,30,847,900,-13,1006,1023,-17,"US",2173,"N748UW","LGA","DCA",44,214,9,0,1698742800,0,0,0,1
2013,6,20,1344,1350,-6,1453,1502,-9,"B6",1338,"N309JB","JFK","MVY",36,173,13,50,1687352400,0,0,0,0
2013,1,21,1049,1055,-6,1345,1405,-20,"AA",739,"N3CBAA","LGA","DFW",214,1389,10,55,1674381600,0,0,1,0
2013,6,15,620,623,-3,835,856,-21,"B6",203,"N766JB","JFK","LAS",296,2248,6,23,1686895200,0,0,0,0
2013,9,10,813,815,-2,1041,1040,1,"DL",914,"N302NB","LGA","DEN",223,1620,8,15,1694419200,0,1,0,0
2013,12,25,1911,1910,1,2210,2225,-15,"UA",482,"N455UA","EWR","FLL",160,1065,19,10,1703617200,1,0,0,0
2013,5,8,946,938,8,1229,1204,25,"9E",4065,"N8758D","LGA","SDF",98,659,9,38,1683622800,0,0,0,0
2013,3,24,821,825,-4,935,945,-10,"EV",4570,"N18556","EWR","ORF",52,284,8,25,1679731200,0,0,0,0
2013,12,13,1331,1330,1,1639,1634,5,"B6",431,"N645JB","LGA","SRQ",151,1047,13,30,1702558800,0,0,0,0
2013,4,4,719,659,20,1014,1007,7,"UA",1701,"N14219","EWR","FLL",159,1065,6,59,1680674400,1,0,0,0
2013,11,3,1440,1446,-6,1726,1753,-27,"B6",325,"N583JB","JFK","TPA",140,1005,14,46,1699106400,0,0,0,0
2013,12,20,1944,1945,-1,2320,2319,1,"UA",275,"N461UA","EWR","SAT",240,1569,19,45,1703185200,1,0,0,0
2013,12,5,750,755,-5,928,937,-9,"EV",4125,"N18120","EWR","GSO",71,445,7,55,1701846000,0,0,0,0
2013,12,2,656,658,-2,1001,1004,-3,"UA",1299,"N76254","EWR","RSW",164,1068,6,58,1701583200,1,0,0,0
2013,8,12,657,700,-3,1011,1006,5,"DL",2003,"N963DL","LGA","MIA",145,1096,7,0,1691910000,0,1,0,0
